Designator,Footprint,Quantity,Value,LCSC Part #
"_21, _20, _19, _18, _17, _16, _15, _14, _13, _12, _11, _10, _9, _8, _7, _6, _5, _4, _3, _2, ",,21,,
"C1, C3",0603,2,10u,
C2,0603,1,100n,
C4,0603,1,22u,
"C5, C6, C7",0603,3,1u,
"J1, J10, J11, J12, J13, J14, J15, J16, J2, J3, J5, J6, J7, J8, J9",PinHeader_1x06_P2.54mm_Vertical,15,Conn_01x06,
J17,PinHeader_1x05_P2.54mm_Vertical,1,Conn_01x05_Pin,
J4,PinHeader_1x06_P2.54mm_Vertical,1,Alim,
L1,0603,1,2u2,
"R1, R2, R3, R6, R7",0603,5,4K7,
R4,0603,1,750K,
R5,0603,1,100K,
U1,BGA28N40P7X4_300X188X50N,1,BQ51003YFPT,
U2,IC_BQ500212ARGZT,1,BQ500212ARGZT,
U3,IC_BQ25120AYFPT,1,BQ25120AYFPT,
U4,DBV0005A-IPC_A,1,PTPS7A2018PDBVR,
U5,21-1048_F143A5&plus_1_MXM-M,1,MAX30101EFD+,
U6,21-100241A_W161K1&plus_1_MXM,1,MAX32664GWEA+T,
U7,SON12_U-DFN3030-12_DIO-M,1,PAM2401YPADJ,
Y1,Crystal_SMD_2012-2Pin_2.0x1.2mm,1,32k768,
